DATE-OBS,DEC,EXPTIME,FILENAME,INSTRUME,MJD-OBS,MOC,NAXIS,OBJECT,Polygon,RA,RADESYS,TELESCOP
2014-12-03 09:02:17.520,1.7231275,0.0,2013.1.00034.S_SB_X5_GB_X6_MB_X7_midz_cell10_25342_sci.spw0_1_2_3.cont.I.image.fits,ALMA,56994.37659166668,10/6975313 ,4,# midz cell10 25342	#Q10286588,Polygon ICRS 149.65743971791113 1.7191274957963434 149.65743973465024 1.7270941624693927 149.64946944723272 1.7270941625391147 149.64946946383233 1.7191274958660587,149.6534379167,ICRS,ALMA
2014-12-14 09:03:50.160,2.524634444444,0.0,2013.1.01292.S_SB_X4eb_GB_X4ec_MB_X4ed_2-38011_sci.spw0_1_2_3.cont.I.image.fits,ALMA,57005.377663888874,10/6978163 6978169 ,4,# 2-38011	#Q10286589,Polygon ICRS 150.11500024462543 2.5205094378933177 150.11500027074223 2.5287288823447636 150.10677281459667 2.5287288824413974 150.10677284052 2.5205094379899537,150.11087125,ICRS,ALMA
2011-04-18 11:59:04.930,-69.1353333259,0.0,5GHz_n_f.fits,Unknown,55669.49936261773,10/8472269 ,4,# r143	#Q10286590,Polygon ICRS 84.72655028796201 -69.13941627742003 84.72654591317624 -69.13108294422499 84.70315286180691 -69.13108291243232 84.70314830845845 -69.13941624561521,84.715083318,FK5,ATCA
,-28.935931,0.0,av_galcen_2mass.fits,Unknown,,"6/28827 28830 
7/115301-115303 115305 115312 115314-115315 115324 115326 115397 115408-115410 
8/461119 461160 461162-461163 461199 461203 461229 461252 461254-461255 461272 
 461274-461275 461300 461302-461303 461308 461585 461597 461644 461648 
9/1844471 1844475 1844619 1844644 1844646-1844647 1844664 1844666-1844667 
 1844791 1844795 1844807 1844811 1844871 1844876-1844877 1844879 
 1844912-1844913 1844915 1844924-1844925 1844927 1845012 1845014-1845015 
 1845064 1845066-1845067 1845092 1845094-1845095 1845112 1845114-1845115 
 1845204 1845206-1845207 1845236-1845238 1845240-1845242 1846336-1846337 
 1846339 1846348-1846349 1846351 1846384-1846385 1846387 1846396-1846397 
 1846399 1846580-1846582 1846584-1846586 1846596-1846598 1846600-1846602 
 1846656-1846657 1846659-1846662 1847944 1847946 
10/7377879 7377883 7377895 7377899 7378475 7378488 7378490-7378491 7378580 
 7378582-7378583 7378632 7378634-7378635 7378660 7378662-7378663 7378682 
 7379159 7379163 7379175 7379179 7379223 7379227 7379239 7379243 7379479 
 7379483 7379512-7379513 7379515 7379604-7379605 7379607 7379656-7379657 
 7379685 7379705 7380054 7380234 7380262 7380282 7380374 7380426 7380454 
 7380474 7380822 7380956-7380958 7380972-7380974 7380976-7380978 7385173 
 7385353 7385381 7385401 7385493 7385545 7385573 7385593 7385941 
 7386332-7386334 7386348-7386350 7386352-7386354 7386396-7386398 
 7386412-7386414 7386416-7386418 7386432-7386434 7386496-7386498 7386633 
 7386652-7386654 7386661 7386672-7386673 7386688-7386690 7391754 7391782 
 7391788 7391790 7391872-7391874 ",2,Unknown,Polygon ICRS 267.7678604297281 -30.262096263583405 267.73315449288975 -27.563328849716683 265.06457344332154 -27.562969866094043 265.02887702776485 -30.26169497766054,266.41765,ICRS,Unknown
,-28.881147,0.0,av_galcen_spitzer.fits,Unknown,,"6/28827 28830 
7/115303 115312 115314-115315 115324 115326 115397 115408-115410 
8/461162-461163 461205-461207 461209-461211 461221-461223 461229 461252 
 461254-461255 461272 461274-461275 461300 461302-461303 461308 461585 461597 
 461644 461648 
9/1844477-1844479 1844641-1844644 1844646-1844647 1844664 1844666-1844667 
 1844797-1844799 1844813-1844815 1844817-1844819 1844833-1844835 1844877 
 1844879 1844881-1844883 1844912-1844913 1844915 1844924-1844925 1844927 
 1845012 1845014-1845015 1845064 1845066-1845067 1845092 1845094-1845095 
 1845112 1845114-1845115 1845204 1845206-1845207 1845236-1845238 
 1845240-1845242 1846336-1846337 1846339 1846348-1846349 1846351 
 1846384-1846385 1846387 1846396-1846397 1846399 1846580-1846582 
 1846584-1846586 1846596-1846598 1846600-1846602 1846656-1846657 
 1846659-1846662 1847944 1847946 
10/7377887 7377903 7377907 7378479 7378490-7378491 7378563 7378580 
 7378582-7378583 7378632 7378634-7378635 7378660 7378662-7378663 7378680 
 7378682 7379167 7379183 7379187 7379231 7379247 7379251 7379267 7379331 
 7379487 7379507 7379513 7379515 7379523 7379604-7379605 7379607 7379657 
 7379685 7379705 7380054 7380234 7380262 7380282 7380374 7380426 7380454 
 7380474 7380822 7380956-7380958 7380972-7380974 7380976-7380978 7385173 
 7385353 7385381 7385401 7385493 7385545 7385573 7385593 7385941 
 7386332-7386334 7386348-7386350 7386352-7386354 7386396-7386398 
 7386412-7386414 7386416-7386418 7386432-7386434 7386496-7386498 7386633 
 7386652-7386654 7386661 7386672-7386674 7386688-7386690 7391754 7391782 
 7391788-7391790 7391872-7391874 ",2,Unknown,Polygon ICRS 267.7676948923905 -30.174020813268232 267.73394037482694 -27.541865141490362 265.0658443858173 -27.54150647581159 265.03112654108367 -30.17362093253855,266.418675,ICRS,Unknown
,-0.0,0.0,G327.617-0.364_I4.fits,Unknown,,"9/1219123 
10/4876486-4876487 4876489-4876491 4876504 4876506 4876512-4876513 
 4876515-4876518 ",2,Unknown,Polygon ICRS 327.713326876 -0.418333417 327.713326876 -0.31000006199999997 327.51666017 -0.31000006199999997 327.51666017 -0.418333417,0.0,ICRS,Unknown
,-0.0,0.0,G351.632-0.459_atlasgal.fits,Unknown,,"9/1202417 
10/4809581-4809583 4809594 4809665-4809667 4809673 4809676-4809677 4809680 
 4809682 ",2,Unknown,Polygon ICRS 351.744998349 -0.518333437 351.744998349 -0.40666674799999997 351.541664975 -0.40666674799999997 351.541664975 -0.518333437,0.0,ICRS,Unknown
,-0.0,0.0,G351.702+0.672_atlasgal.fits,Unknown,,"9/1202971 1202974 1202992-1202993 
10/4811877-4811879 4811881-4811883 4811890 4811925 4811977 4811980 4811984 ",2,Unknown,Polygon ICRS 351.839998368 0.601666787 351.839998368 0.7600001519999999 351.553331644 0.7600001519999999 351.553331644 0.601666787,0.0,ICRS,Unknown
2016-05-13 06:26:08.400,-20.52501388889,0.0,G9_POLIN.fit,Unknown,57521.26815277775,10/7448592 7448594 ,4,# G9.62+0.19 NorthMiddle	#Q10286592,Polygon ICRS 271.5658787762425 -20.529902699694553 271.56587844324 -20.520140199687717 271.55545453620357 -20.52014020017498 271.5554542042417 -20.529902700181847,271.5606583333,ICRS,ALMA
,0.0,0.0,id12_GAL-Survey-GC.fpsf.fits,Unknown,,"2/67-68 70-73 75-76 
3/263 267 278 297 308 312 
4/34 785 1047 1051 1063 1067 1106 1118 1185 1197 1236 1240 1252 1256 2286 3037 
5/130 142 160-162 168 3137 3149 3152-3154 3156 4183 4185-4187 4197-4199 
 4201-4203 4245-4247 4249-4251 4261-4263 4267 4418 4430 4466 4478 4737 4749 
 4785 4797 4948 4952-4954 4964-4966 4968-4970 5012-5014 5016-5018 5028-5030 
 5032 9131 9133-9135 9138 9150 12119 12125-12127 12145 12157 
6/512 514-515 524 526-527 560 562-563 572 652-654 656 658 676 680 12544-12545 
 12547 12556-12557 12559 12592-12593 12595 12604 12620-12622 12628 12632 
 12640-12641 16637-16639 16703 16725-16727 16729-16731 16739 16781-16783 
 16786-16787 16801-16803 16959 16973-16975 16977-16979 16993 16995 17043 
 17061-17063 17065-17067 17664 17666-17667 17676 17678-17679 17712 17714-17715 
 17724 17726-17727 17856 17858-17859 17868 17870-17871 17904 17906-17907 17916 
 17918-17919 18944-18945 18947 18956-18957 18959 18992-18993 18995 19004-19005 
 19007 19136-19137 19139 19148-19149 19151 19184-19185 19187 19196-19197 19199 
 19796-19798 19800-19802 19820 19824 19868-19870 19884-19886 19888-19890 19904 
 20060-20062 20076-20078 20080-20082 20124 20132-20134 20136-20138 20144 20160 
 20224-20226 36510-36511 36523 36529-36531 36556 36558-36559 36592 36594-36595 
 36604 36606-36607 48471 48475 48493 48495 48497-48499 48579 48588-48589 48591 
 48624-48625 48627 48636-48637 48639 
7/680 682-683 2052 2054-2055 2072 2074-2075 2100 2102-2103 2152 2154-2155 2244 
 2246-2247 2264 2266-2267 2296 2620-2622 2628-2630 2656 2712 2724-2726 
 2728-2730 8192 49492-49493 49495 50184-50185 50187 50212-50213 50215 
 50232-50233 50235 50324-50325 50327 50376-50377 50379 50404-50405 50407 50420 
 50492-50494 50516-50518 50520-50522 50532 50568-50570 50576 53248 66527 66543 
 66547 66805-66807 66809-66811 66875 66877-66879 66894-66895 66899 66913-66915 
 66951 66954-66955 67103 67119 67123 67141-67143 67203 67829-67831 67833-67835 
 67871 67887 67891 67907 67977-67979 68151 68157-68159 68165 68167 68171 68237 
 68239 68241-68243 68259 70660 70662-70663 70680 70682-70683 70708 70710-70711 
 70760 70762-70763 70852 70854-70855 70872 70874-70875 70900 70902-70903 71080 
 71082-71083 71428 71430-71431 71448 71450-71451 71476 71478-71479 71528 
 71530-71531 71620 71622-71623 71640 71642-71643 71668 71670-71671 75784-75785 
 75787 75812-75813 75815 75832-75833 75835 75924-75925 75927 75976-75977 75979 
 76004-76005 76007 76024-76025 76027 76372-76373 76375 76552-76553 76555 
 76580-76581 76583 76600-76601 76603 76692-76693 76695 76744-76745 76747 
 76772-76773 76775 76792-76793 76795 79196 79212-79214 79216-79218 79284 
 79288-79290 79304 79484 79548 79564 79568 79584 79620-79622 79624-79626 80252 
 80316 80332 80336 80352 80500-80502 80504 80540-80542 80556 80560-80562 80580 
 80584 80644-80646 80648-80650 80908 80912 80928 146031 146037-146039 146075 
 146077-146079 146086-146087 146089-146091 146113-146115 146187 146189-146191 
 146200 146202-146203 146228 146230-146231 146280 146282-146283 146372 
 146374-146375 146392 146394-146395 146420 146422-146423 147112 147114-147115 
 193877-193879 193881 193883 193895 193951 193977-193979 193985-193987 194311 
 194340-194341 194343 194360-194361 194363 194452-194453 194455 194504-194505 
 194507 194532-194533 194535 194552-194553 194555 195924-195925 195927 
8/2696 2698-2699 2724 2726-2727 2744 2746-2747 8212 8214-8215 8264 8266-8267 
 8292 8294-8295 8312 8314-8315 8404 8406-8407 8584 8586-8587 8612 8614-8615 
 8632 8634-8635 8980 8982-8983 9032 9034-9035 9060 9062-9063 9080 9082-9083 
 9168-9170 9188 9190 9192-9194 10492 10494 10524 10526 10544-10546 10552 10560 
 10628 10630 10632-10634 10656 10832-10834 10840 10852 10856-10858 10908 
 10924-10926 10928 10930 32776 197956-197957 197959 197976-197977 197979 
 198004-198005 198007 200744-200745 200747 200836-200837 200839 200856-200857 
 200859 200884-200885 200887 200936-200937 200939 201284-201285 201287 
 201304-201305 201307 201332-201333 201335 201512-201513 201515 201604-201605 
 201607 201624-201625 201627 201652-201653 201655 201684-201686 201688-201689 
 201696-201698 201700 201980-201981 202076-202078 202092 202096-202097 
 202132-202134 202136 202144-202146 202148 202284-202285 202288-202290 202292 
 202308-202310 202312-202313 202320 202368 212996 213000 266101-266103 
 266105-266107 266165-266167 266169-266171 266181-266183 266185-266187 267135 
 267197-267199 267215 267219 267233-267235 267485-267487 267495 267499 
 267505-267507 267567 267571 267573-267575 267591 267593-267595 267650-267651 
 267798-267799 267801-267803 267813-267815 268407 268411 268471 268474-268475 
 268487 268491 268555 268557-268559 268561-268563 268805-268807 268809-268811 
 271229-271231 271295 271311 271313-271315 271331 271477 271479 271483 271543 
 271547 271559 271563 271621-271623 271625-271627 271879 271885-271887 
 271905-271907 272599 272603 272621-272623 272625-272627 272665-272667 
 272677-272679 272681 272683 272927 272947 272953-272955 272961 272963 
 273029-273031 273035 282644 282646-282647 282696 282698-282699 282724 
 282726-282727 282744 282746-282747 282836 282838-282839 283016 283018-283019 
 283044 283046-283047 283064 283066-283067 283412 283414-283415 283464 
 283466-283467 283492 283494-283495 283512 283514-283515 283604 283606-283607 
 284296 284298-284299 284324 284326-284327 284344 284346-284347 285716 
 285718-285719 285768 285770-285771 285796 285798-285799 285816 285818-285819 
 285908 285910-285911 286088 286090-286091 286116 286118-286119 286136 
 286138-286139 286484 286486-286487 286536 286538-286539 286564 286566-286567 
 286584 286586-286587 286676 286678-286679 303144-303145 303147 303236-303237 
 303239 303256-303257 303259 303284-303285 303287 303336-303337 303339 
 303684-303685 303687 303704-303705 303707 303732-303733 303735 303912-303913 
 303915 304004-304005 304007 304024-304025 304027 304052-304053 304055 
 304104-304105 304107 305476-305477 305479 305496-305497 305499 305524-305525 
 305527 306216-306217 306219 306308-306309 306311 306328-306329 306331 
 306356-306357 306359 306408-306409 306411 306756-306757 306759 306776-306777 
 306779 306804-306805 306807 306984-306985 306987 307076-307077 307079 
 307096-307097 307099 307124-307125 307127 307176-307177 307179 316788-316790 
 316792-316794 316860-316862 316876 316896 316898 317140-317142 317144-317146 
 317164 317168 317200-317202 317208 317220 317224 317226 317940 317944 
 318196-318198 318200-318202 318260-318262 318264-318266 318276 318280 
 318340-318342 318344-318346 318492 318494 318508-318510 318512-318514 318528 
 318592-318594 318600 321012-321014 321016-321018 321268 321272 321332-321334 
 321336-321338 321348-321350 321352-321354 321412 321416 322012 322020-322022 
 322024-322026 322032 322172-322174 322228-322230 322232-322234 322252 
 322256-322257 322272 322324-322325 322328 322340 322588-322590 322604-322606 
 322608-322610 322624-322626 322628 322688 323636-323638 323640-323642 
 323652-323654 323656-323658 323716-323718 323720-323722 573435 573437-573439 
 584119 584121-584123 584141-584143 584147 584285-584287 584295 584298-584299 
 584305-584307 584335 584341-584343 584353-584355 584451 584734-584735 584743 
 584745-584747 584753-584755 584776 584778-584779 584804 584806-584807 584824 
 584826-584827 584916 584918-584919 585096 585098-585099 585124 585126-585127 
 585144 585146-585147 585492 585494-585495 585544 585546-585547 585572 
 585574-585575 585592 585594-585595 585684 585686-585687 588424 588426-588427 
 588452 588454-588455 588472 588474-588475 753655 753661-753663 775503 
 775505-775507 775523 775529-775531 775573 775575 775579 775597-775599 
 775797-775799 775803 775885-775887 775907 775939 777237-777239 777243 777261 
 777263 777348-777349 777351 777368-777369 777371 777396-777397 777399 
 777448-777449 777451 777796-777797 777799 777816-777817 777819 777844-777845 
 777847 778024-778025 778027 778116-778117 778119 778136-778137 778139 
 778164-778165 778167 778216-778217 778219 783684-783685 783687 783704-783705 
 783707 783732-783733 783735 
9/10762 10790 10810 10902 10954 10982 11002 32854 33034 33062 33082 33174 33226 
 33254 33274 33622 34314 34342 34362 34454 34506 34534 34554 35926 36106 36134 
 36154 36246 36298 36326 36346 36684 36686 36688 36704-36706 36712 36756-36758 
 36780-36782 36784 41972-41974 42100-42102 42108 42188-42190 42192 42194 42212 
 42216 42218 42248 42516-42518 42524 42540-42542 42544 42546 42628 42632 
 43340-43342 43344 43368 43412 43414 43416-43418 43436 43438 43440 43636 43640 
 43642 43708-43710 43716-43718 43724 43744 43776-43778 131088-131090 131096 
 131108 131112-131114 791813 791833 791861 791913 792005 792025 792053 802985 
 803333 803353 803381 803433 803525 803545 803573 803753 805125 805145 805173 
 805225 805317 805337 805365 806057 806405 806425 806453 806505 806597 806617 
 806645 806748-806750 806760-806762 806768 806796-806798 806804 806816 
 807928-807930 807932 808316-808318 808372-808374 808376 808392-808394 808396 
 808400-808401 808540-808541 808548-808550 808552-808554 808560 808588-808590 
 808596 808608 808704-808706 809144-809146 809148 809164-809166 809172-809173 
 809176 809184-809185 809244-809246 809256-809258 809260 809264-809265 
 809284-809285 809288 809476-809477 809480 851988-851990 851992-851993 852004 
 1064319 1064383 1064399 1064403 1064419 1064575 1064639 1064655 1064659 
 1064675 1064719 1064723 1064739 1068535 1068539 1068767 1068781-1068783 
 1068787 1068847 1068853-1068855 1068857-1068859 1068870-1068871 
 1068873-1068875 1068931 1069919 1069933-1069935 1069938-1069939 1069975 
 1069979 1069990-1069991 1069993-1069995 1070017-1070019 1070206-1070207 
 1070263 1070265-1070267 1070283 1070289-1070291 1070358-1070359 
 1070361-1070363 1070371 1070595 1070597-1070599 1071165-1071167 1071183 
 1071189-1071191 1071203 1071243 1071245-1071247 1071249-1071251 1073623 
 1073627 1073639 1073643 1073855 1073877-1073879 1073881-1073883 
 1073893-1073895 1073941-1073943 1073945-1073947 1073957-1073959 
 1073961-1073963 1074205-1074207 1074219 1074225-1074227 1074241-1074243 
 1075215 1075219 1075235 1084893-1084895 1084911 1084913 1084915 1085175 
 1085179 1085215 1085237-1085239 1085241-1085243 1085251 1085317-1085319 
 1085321-1085323 1085823 1085913-1085915 1085925-1085927 1085929-1085931 
 1086165 1086167 1086171 1086183 1086187 1086229-1086231 1086233-1086235 
 1086245-1086247 1086249-1086251 1086479 1086483 1086499 1087511 1087515 
 1087533-1087535 1087537-1087539 1087617-1087619 1090389-1090391 1090393 
 1090395 1090407 1090411 1090461-1090463 1090479 1090481 1090483 
 1090497-1090499 1090621-1090623 1090631 1090637-1090639 1090657-1090659 
 1090703 1090707 1090723 1090729-1090731 1091701-1091703 1091705 1091707 
 1091773 1091775 1091783 1091809-1091811 1091843 1091849-1091851 1092111 
 1092115 1092133-1092135 1092137-1092139 1130582 1130762 1130790 1130810 
 1130902 1130954 1130982 1131002 1131350 1132042 1132070 1132090 1132182 
 1132234 1132262 1132282 1133654 1133834 1133862 1133882 1133974 1134026 
 1134054 1134074 1134422 1137162 1137190 1137210 1137302 1137354 1137382 
 1137402 1142870 1143050 1143078 1143098 1143190 1143242 1143270 1143290 
 1143638 1144330 1144358 1144378 1144470 1144522 1144550 1144570 1145942 
 1146122 1146150 1146170 1146262 1146314 1146342 1146362 1146710 1212585 
 1212933 1212953 1212981 1213033 1213125 1213145 1213173 1213353 1214725 
 1214745 1214773 1214825 1214917 1214937 1214965 1215657 1216005 1216025 
 1216053 1216105 1216197 1216217 1216245 1216425 1221893 1221913 1221941 
 1221993 1222085 1222105 1222133 1224873 1225221 1225241 1225269 1225321 
 1225413 1225433 1225461 1225641 1227013 1227033 1227061 1227113 1227205 
 1227225 1227253 1227945 1228293 1228313 1228341 1228393 1228485 1228505 
 1228533 1228713 1267164 1267180-1267182 1267184 1267452 1267454 1267508 
 1267512-1267514 1267520-1267522 1267528 1267588-1267590 1267596 1267616 
 1268572 1268574 1268588-1268590 1268592-1268594 1268660 1268664 1268666 
 1268680 1268812-1268814 1268816-1268818 1268836 1268840 1268884 1268886 
 1268888-1268890 1268900-1268902 1268908 1269248 1271764 1271768 1271780 
 1271784-1271786 1272796-1272798 1272812-1272814 1272816-1272818 1273052 
 1273068 1273072 1273108-1273110 1273112-1273114 1273124-1273126 
 1273128-1273130 1273372 1273388 1273392 1273408 1273472 1273474 
 1273972-1273974 1273980 1274044-1274046 1274060 1274064 1274080 1274082 
 1274116-1274118 1274120-1274122 1274380-1274382 1274384-1274386 1274408 
 1284060-1284062 1284076-1284078 1284080-1284082 1285076-1285078 
 1285080-1285081 1285092 1285096 1285340 1285356 1285360 1285404 1285420 
 1285424 1285440-1285442 1285504 1285652-1285654 1285656-1285658 
 1285668-1285670 1285672-1285674 1285696 1288052-1288053 1288056 
 1288092-1288094 1288108-1288109 1288112-1288114 1288132 1288700-1288701 
 1288924-1288926 1288940 1288944-1288945 1289012-1289014 1289016 
 1289032-1289034 1289036 1289040 1289092 1289304-1289306 1289308 
 1289316-1289318 1289320-1289322 1289364 1289368 1289376-1289378 1289472 
 1290364-1290366 1290428 1290444 1290448-1290450 1290464 1290508-1290510 
 1290516 1290520 1290528-1290530 1290756-1290758 1290760-1290762 
 1294556-1294558 1294572-1294574 1294576-1294578 1294620-1294622 
 1294636-1294638 1294640-1294642 1294656-1294658 1294720-1294722 
 1294876-1294878 1294892-1294894 1294896-1294898 1294912-1294914 
 1294976-1294978 2293726-2293727 2293739 2293745-2293747 2336253-2336255 
 2336445-2336447 2336471 2336473-2336475 2336483 2336555 2336557-2336559 
 2336563 2336583 2336585-2336587 2337023 2337134-2337135 2337139 2337175 
 2337178-2337179 2337189-2337191 2337217-2337219 2337334-2337335 
 2337337-2337339 2337355 2337357-2337359 2337361-2337363 2337411 2337799 
 2337801-2337803 2338926-2338927 2338931 2338933-2338935 2338967 
 2338969-2338971 2338979 2339009-2339011 2339082 2339110 2339130 2339222 
 2339274 2339302 2339322 2339670 2340362 2340390 2340410 2340502 2340554 
 2340582 2340602 2341974 2342154 2342182 2342202 2342294 2342346 2342374 
 2342394 2342742 2353674 2353702 2353722 2353814 2353866 2353894 2353914 
 3014615 3014619 3014637 3014639 3014641-3014643 3101951 3102005-3102007 
 3102009 3102011 3102019 3102087 3102113-3102115 3102291 3102297-3102299 
 3102309 3102311 3102315 3102365-3102367 3102387 3103095 3103101-3103103 
 3103183 3103185 3103187 3103205-3103207 3103209 3103211 3103479 
 3103485-3103487 3103511 3103517-3103519 3103535 3103537 3103539 
 3103621-3103623 3103625 3103627 3103749-3103751 3103755 3108947 
 3108965-3108967 3108971 3109021-3109023 3109043 3109049-3109051 3109381 
 3109401 3109429 3109481 3109573 3109593 3109621 3109801 3111173 3111193 
 3111221 3111273 3111365 3111385 3111413 3112105 3112453 3112473 3112501 
 3112553 3112645 3112665 3112693 3112873 3134725 3134745 3134773 3134825 
 3134917 3134937 3134965 
10/43042 43054 43154 43166 43234 43246 43602 43614 43810 43822 43922 43934 
 44002 44014 131410 131422 132130 132142 132242 132254 132322 132334 132690 
 132702 132898 132910 133010 133022 133090 133102 134482 134494 137250 137262 
 137362 137374 137442 137454 137810 137822 138018 138030 138130 138142 138210 
 138222 143698 143710 144418 144430 144530 144542 144610 144622 144978 144990 
 145186 145198 145298 145310 145378 146740-146742 146748 146760 146828-146830 
 146832 146834 146852 146856-146858 147036 147056-147058 147132 147134 147140 
 147142 147144-147146 147168 167900 167902 167920-167922 167928 168412 168414 
 168440 168764-168766 168772-168774 168800 168856 168868-168870 168976-168978 
 168984 168996 168998 169000-169002 169088 170076-170078 170104 170172-170174 
 170180-170182 170208 170240 170520 170532 170534 170536-170538 170624 173372 
 173380 173382 173384-173386 173456-173458 173476 173480-173482 173652-173654 
 173660 173676-173678 173680 173682 173748-173750 173768 174548 174552-174554 
 174564-174566 174572 174844 174876-174878 174904 174912 174914 174980 174982 
 174984-174986 175008 175116 175118 175120 175136-175138 175144 524364-524366 
 524368-524370 524388 524392 524436-524438 524440-524442 524460 524464 
 524800-524802 3167248-3167249 3167251 3167260-3167261 3167263 3167328-3167329 
 3167331 3167340-3167341 3167343 3167440-3167441 3167443 3167452-3167453 
 3167455 3167648-3167649 3167651 3167660-3167661 3167663 3168016-3168017 
 3168019 3168028-3168029 3168031 3168096-3168097 3168099 3168108-3168109 
 3168111 3168208-3168209 3168211 3168220-3168221 3168223 3211936-3211937 
 3211939 3211948-3211949 3211951 3213328-3213329 3213331 3213340-3213341 
 3213343 3213408-3213409 3213411 3213420-3213421 3213423 3213520-3213521 
 3213523 3213532-3213533 3213535 3213728-3213729 3213731 3213740-3213741 
 3213743 3214096-3214097 3214099 3214108-3214109 3214111 3214176-3214177 
 3214179 3214188-3214189 3214191 3214288-3214289 3214291 3214300-3214301 
 3214303 3215008-3215009 3215011 3215020-3215021 3215023 3220496-3220497 
 3220499 3220508-3220509 3220511 3220576-3220577 3220579 3220588-3220589 
 3220591 3220688-3220689 3220691 3220700-3220701 3220703 3220896-3220897 
 3220899 3220908-3220909 3220911 3221264-3221265 3221267 3221276-3221277 
 3221279 3221344-3221345 3221347 3221356-3221357 3221359 3221456-3221457 
 3221459 3221468-3221469 3221471 3224224-3224225 3224227 3224236-3224237 
 3224239 3225616-3225617 3225619 3225628-3225629 3225631 3225696-3225697 
 3225699 3225708-3225709 3225711 3225808-3225809 3225811 3225820-3225821 
 3225823 3226016-3226017 3226019 3226028-3226029 3226031 3226384-3226385 
 3226387 3226396-3226397 3226399 3226464-3226465 3226467 3226476-3226477 
 3226479 3226576-3226577 3226579 3226588-3226589 3227004-3227006 
 3227052-3227053 3227056-3227058 3227060 3227076-3227078 3227080-3227081 
 3227088 3227196 3227220-3227222 3227224 3227232-3227234 3227268-3227269 
 3227272 3227392 3231724-3231726 3231732 3233276-3233277 3233500 
 3233508-3233510 3233512-3233513 3233580-3233582 3233588 3233592 
 3233608-3233610 3233616 3233664-3233666 3234168-3234170 3234204-3234206 
 3234220 3234224-3234226 3234244-3234245 3234248 3234364-3234365 
 3234388-3234390 3234392 3234400-3234402 3234404 3234436-3234438 
 3234440-3234441 3234448 3234828-3234830 3234832-3234834 3234836 3234848 
 3236588-3236590 3236596 3236668-3236670 3236696-3236698 3236700 
 3236708-3236709 3236712 3236744-3236746 3236748 3236752-3236753 
 3236988-3236990 3237036-3237038 3237044-3237045 3237048 3237064-3237066 
 3237068 3237072 3237144-3237146 3237156 3237184 3237376-3237377 
 3237912-3237914 3237924 3237952 3407964-3407965 3407976-3407978 3407984 
 3408020-3408021 3408024 3408032-3408034 3408128-3408130 4257271 4257275 
 4257527 4257530-4257531 4257591 4257595 4257607 4257611 4257671 4257675 
 4258293-4258295 4258299 4258551 4258555 4258615 4258619 4258631 4258635 
 4258695 4258699 4258869-4258871 4258873-4258875 4258885-4258887 
 4258889-4258891 4258949-4258951 4258953-4258955 4274135 4274139 
 4274149-4274151 4274153-4274155 4275061-4275063 4275065-4275067 4275103 
 4275119 4275123 4275141-4275143 4275145-4275147 4275326-4275327 4275383 
 4275387 4275405-4275407 4275409-4275411 4275425-4275427 4275471 4275475 
 4275477-4275479 4275491 4275719 4275723 4279293-4279295 4279671 
 4279673-4279675 4279711 4279725-4279727 4279731 4279749-4279751 4279899 
 4279911 4279913-4279915 4279951 4279957-4279959 4279971 4280065-4280067 
 4280815 4280819 4280821-4280823 4281021-4281023 4281039 4281045-4281047 
 4281049-4281051 4281059 4281117-4281119 4281127 4281130-4281131 
 4281154-4281155 4281403 4281405-4281407 4281423 4281427 4281429-4281431 
 4281441-4281443 4281479 4281481-4281483 4282379 4282385-4282387 4284655 
 4284659 4284727 4284730-4284731 4284747 4284749-4284751 4284753-4284755 
 4284805-4284807 4284809-4284811 4284957-4284959 4284971 4284977-4284979 
 4284994-4284995 4294399 4294487 4294491 4294502-4294503 4294505-4294507 
 4294549-4294551 4294553-4294555 4294565-4294567 4294569-4294571 
 4295165-4295167 4295415 4295419 4295485-4295487 4295501-4295503 
 4295505-4295507 4295521-4295523 4295565-4295567 4295569-4295571 4295743 
 4295759 4295763 4295779 4295823 4295827 4295841-4295843 4296798-4296799 
 4296813-4296815 4296817-4296819 4296859 4296861-4296863 4296871 4296875 
 4296897-4296899 4296963 4300855 4300859 4300871 4300875 4300935 4300939 
 4339551 4339567 4339571 4339637-4339639 4339641-4339643 4339657-4339659 
 4340693-4340695 4340697-4340699 4340709 4340711 4340715 4340855 4340859 
 4340925-4340927 4340941-4340943 4340945-4340947 4340961-4340963 4340997 
 4340999 4341003 4341263 4341267 4341283 4343287 4343291 4343549-4343551 
 4343613-4343615 4343629-4343631 4343649-4343651 4343693-4343695 
 4343697-4343699 4343713-4343715 4344319 4344665-4344667 4344677-4344679 
 4344681-4344683 4344725-4344727 4344729-4344731 4344743 4344747 4344895 
 4344909 4344911 4344913-4344915 4344931 4344975 4344979 4344995 4345911 
 4345915 4345927 4345931 4345991 4345995 4350039 4350043 4350055 
 4350109-4350111 4350125-4350127 4350129-4350131 4350145-4350147 4350467 
 4360189-4360191 4361551 4361553 4361555 4361571 4361577-4361579 
 4361621-4361623 4361625 4361627 4361639 4361643 4361821-4361823 4361839 
 4361841 4361843 4361909-4361911 4361913 4361915 4361923 4361929-4361931 
 4361985-4361987 4362463 4362479 4362483 4362519 4362523 4362541-4362543 
 4362545-4362547 4362625-4362627 4362805 4362807 4362811 4362821-4362823 
 4362825-4362827 4362887 4362913-4362915 4366717-4366719 4366799 4366803 
 4366825-4366827 4367071 4367091 4367097-4367099 4367125 4367127 4367131 
 4367143 4367149-4367151 4367233-4367235 4367367 4367371 4367393-4367395 
 4368439 4368453-4368455 4368459 4368525 4368527 4368529-4368531 4368547 
 4522322 4522334 4523042 4523054 4523154 4523166 4523234 4523246 4523602 
 4523614 4523810 4523822 4523922 4523934 4524002 4524014 4525394 4525406 
 4528162 4528174 4528274 4528286 4528354 4528366 4528722 4528734 4528930 
 4528942 4529042 4529054 4529122 4529134 4534610 4534622 4535330 4535342 
 4535442 4535454 4535522 4535534 4535890 4535902 4536098 4536110 4536210 
 4536222 4536290 4536302 4537682 4537694 4548642 4548654 4548754 4548766 
 4548834 4548846 4549202 4549214 4549410 4549422 4549522 4549534 4549602 
 4549614 4571474 4571486 4572194 4572206 4572306 4572318 4572386 4572398 
 4572754 4572766 4572962 4572974 4573074 4573086 4573154 4573166 4574546 
 4574558 4577314 4577326 4577426 4577438 4577506 4577518 4577874 4577886 
 4578082 4578094 4578194 4578206 4578274 4578286 4583762 4583774 4584482 
 4584494 4584594 4584606 4584674 4584686 4585042 4585054 4585250 4585262 
 4585362 4585374 4585442 4585454 4586834 4586846 4850336-4850337 4850339 
 4850348-4850349 4850351 4851728-4851729 4851731 4851740-4851741 4851743 
 4851808-4851809 4851811 4851820-4851821 4851823 4851920-4851921 4851923 
 4851932-4851933 4851935 4852128-4852129 4852131 4852140-4852141 4852143 
 4852496-4852497 4852499 4852508-4852509 4852511 4852576-4852577 4852579 
 4852588-4852589 4852591 4852688-4852689 4852691 4852700-4852701 4852703 
 4853408-4853409 4853411 4853420-4853421 4853423 4858896-4858897 4858899 
 4858908-4858909 4858911 4858976-4858977 4858979 4858988-4858989 4858991 
 4859088-4859089 4859091 4859100-4859101 4859103 4859296-4859297 4859299 
 4859308-4859309 4859311 4859664-4859665 4859667 4859676-4859677 4859679 
 4859744-4859745 4859747 4859756-4859757 4859759 4859856-4859857 4859859 
 4859868-4859869 4859871 4862624-4862625 4862627 4862636-4862637 4862639 
 4864016-4864017 4864019 4864028-4864029 4864031 4864096-4864097 4864099 
 4864108-4864109 4864111 4864208-4864209 4864211 4864220-4864221 4864223 
 4864416-4864417 4864419 4864428-4864429 4864431 4864784-4864785 4864787 
 4864796-4864797 4864799 4864864-4864865 4864867 4864876-4864877 4864879 
 4864976-4864977 4864979 4864988-4864989 4864991 4865696-4865697 4865699 
 4865708-4865709 4865711 4887568-4887569 4887571 4887580-4887581 4887583 
 4887648-4887649 4887651 4887660-4887661 4887663 4887760-4887761 4887763 
 4887772-4887773 4887775 4887968-4887969 4887971 4887980-4887981 4887983 
 4888336-4888337 4888339 4888348-4888349 4888351 4888416-4888417 4888419 
 4888428-4888429 4888431 4888528-4888529 4888531 4888540-4888541 4888543 
 4899488-4899489 4899491 4899500-4899501 4899503 4900880-4900881 4900883 
 4900892-4900893 4900895 4900960-4900961 4900963 4900972-4900973 4900975 
 4901072-4901073 4901075 4901084-4901085 4901087 4901280-4901281 4901283 
 4901292-4901293 4901295 4901648-4901649 4901651 4901660-4901661 4901663 
 4901728-4901729 4901731 4901740-4901741 4901743 4901840-4901841 4901843 
 4901852-4901853 4901855 4902560-4902561 4902563 4902572-4902573 4902575 
 4908048-4908049 4908051 4908060-4908061 4908063 4908128-4908129 4908131 
 4908140-4908141 4908143 4908240-4908241 4908243 4908252-4908253 4908255 
 4908448-4908449 4908451 4908460-4908461 4908463 4908816-4908817 4908819 
 4908828-4908829 4908831 4908896-4908897 4908899 4908908-4908909 4908911 
 4909008-4909009 4909011 4909020-4909021 4909023 4911776-4911777 4911779 
 4911788-4911789 4911791 4913168-4913169 4913171 4913180-4913181 4913183 
 4913248-4913249 4913251 4913260-4913261 4913263 4913360-4913361 4913363 
 4913372-4913373 4913375 4913568-4913569 4913571 4913580-4913581 4913583 
 4913936-4913937 4913939 4913948-4913949 4913951 4914016-4914017 4914019 
 4914028-4914029 4914031 4914128-4914129 4914131 4914140-4914141 4914143 
 4914848-4914849 4914851 4914860-4914861 4914863 5068660 5068664 5068732 
 5068740-5068742 5068744-5068746 5068768 5069812-5069814 5070036-5070038 
 5070040-5070042 5070060 5070092-5070094 5070096-5070098 5070116 5070120 
 5070364-5070366 5070392 5070400 5070402 5070468 5070472-5070474 
 5074292-5074294 5074364-5074366 5074380 5074384 5074400 5074402 5074644 
 5074646 5074648-5074650 5074660-5074662 5074704-5074706 5074724 5074728 
 5075260-5075262 5075276 5075278 5075280 5075296-5075298 5075348 5075352 
 5075364 5075366 5075368-5075370 5075540-5075542 5075548 5075564 5075566 
 5075568 5075612-5075614 5075636 5075640 5075648-5075650 5076996 
 5077000-5077002 5087060 5087064 5087066 5087076-5087078 5087080-5087082 
 5087124-5087126 5087128-5087130 5087148 5087152 5091196 5091260 5091276 
 5091280 5091296 5092212 5092216 5092276 5092280 5092292 5092296 5092444 
 5092460-5092462 5092464 5092508-5092510 5092524-5092526 5092528-5092530 
 5092544-5092546 5092608 5092864-5092866 5092872 5093492-5093494 
 5093496-5093498 5093556-5093558 5093560-5093562 5093572-5093574 
 5093576-5093578 5093636-5093638 5093640-5093642 5093892-5093894 5093900 
 5093920 5095900-5095902 5095924 5095928 5096188 5096244-5096246 
 5096248-5096250 5096260 5096264 5096266 5096324-5096326 5096332 5096352 
 5096476 5096492-5096494 5096496 5096498 5096512 5096576-5096578 
 5097532-5097534 5097548-5097550 5097552 5097568-5097570 5097616-5097618 
 5097624 5097636 5097640 5136252 5136316 5136332 5136336 5136352 5140316 
 5140328-5140330 5140336 5140372-5140374 5140376-5140378 5140388-5140390 
 5140392 5141364-5141365 5141368 5141428 5141432 5141444 5141448 
 5141620-5141622 5141624-5141626 5141684-5141686 5141688-5141690 
 5141700-5141702 5141704-5141706 5141772 5141776 5142020-5142022 
 5142024-5142026 5142620-5142622 5142636-5142638 5142640-5142642 
 5142684-5142686 5142700 5142704 5142720-5142722 5142788 5143040 
 5152216-5152218 5152220 5152228-5152230 5152232-5152234 5152380-5152382 
 5152440-5152442 5152444 5152460 5152464-5152466 5152480 5152532 5152536 
 5152544-5152546 5152548 5154808-5154810 5154812 5155708-5155709 
 5155764-5155765 5155768 5155784-5155786 5155792 5156060 5156068-5156070 
 5156072-5156074 5156080 5156140-5156142 5156148 5156164-5156166 
 5156168-5156169 5156224-5156226 5156372 5156376 5156384-5156386 
 5157228-5157230 5157236 5157240 5157276-5157278 5157292 5157296 
 5157312-5157314 5157460-5157462 5157464-5157466 5157476 5157480 
 5157516-5157517 5157520-5157522 5157536 5157892-5157894 5157896-5157897 
 5161468 5161716 5161720 5161780-5161782 5161784-5161786 5161804 5161808 
 5161860-5161862 5161864 5162044-5162046 5162068 5162072 5162084 
 5162124-5162126 5162128-5162130 5162144-5162145 5163036-5163038 5163052 
 5163056-5163058 5163072-5163074 5163136 5178236 5178300 5178316 5178320 
 5178336 5178492 5178556 5178572 5178576 5178592 5178636 5178640 5178656 
 5178892 5178896 5178912 5179516 5179580 5179596 5179600 5179616 5179660 
 5179664 5179680 5179916 5179920 5179936 9174895 9174899 9174901-9174903 
 9174939 9174941-9174943 9174951 9174953-9174955 9174977-9174979 9344991 
 9345003 9345005-9345007 9345010-9345011 9345759 9345771 9345773-9345775 
 9345778-9345779 9345851 9345853-9345855 9345871 9345878-9345879 
 9345881-9345883 9345890-9345891 9345926-9345927 9345929-9345931 9346171 
 9346173-9346175 9346207 9346219 9346226-9346227 9346246-9346247 
 9346249-9346251 9346319 9346326-9346327 9346329-9346331 9346338-9346339 
 9348086-9348087 9348089-9348091 9348477-9348479 9348526-9348527 9348531 
 9348533-9348535 9348551 9348553-9348555 9348671 9348695 9348699 
 9348709-9348711 9348747 9348749-9348751 9348753-9348755 9348865-9348867 
 9349309-9349311 9349327 9349333-9349335 9349346-9349347 9349405-9349407 
 9349415 9349419 9349425-9349427 9349443 9349639 9349641-9349643 
 9351190-9351191 9351193-9351195 9351203 9355647 9355694-9355695 9355699 
 9355701-9355703 9355722-9355723 9355729-9355731 9355837-9355839 9355863 
 9355865-9355867 9355875 9355910-9355911 9355913-9355915 9356033-9356035 
 9356334 9356434 9356446 9356514 9356526 9356882 9356894 9357090 9357102 
 9357202 9357214 9357282 9357294 9358674 9358686 9361442 9361454 9361554 
 9361566 9361634 9361646 9362002 9362014 9362210 9362222 9362322 9362334 
 9362402 9362414 9367890 9367902 9368610 9368622 9368722 9368734 9368802 
 9368814 9369170 9369182 9369378 9369390 9369490 9369502 9369570 9369582 
 9370962 9370974 9414690 9414702 9414802 9414814 9414882 9414894 9415250 
 9415262 9415458 9415470 9415570 9415582 9415650 9415662 12058453-12058455 
 12058457 12058459 12058471 12058525 12058527 12058547 12058553-12058555 
 12058561-12058563 12407775 12407797-12407799 12407801 12407803 12407927 
 12407933-12407935 12408015 12408017-12408019 12408041-12408043 
 12408069-12408071 12408075 12408341 12408343 12408347 12408365-12408367 
 12408451 12409151 12409159 12409185-12409187 12409235 12409241-12409243 
 12409253 12409255 12409259 12409437-12409439 12409459 12409527 
 12409533-12409535 12409541-12409543 12409545 12409547 12412375 12412399 
 12412401-12412403 12412727 12412745-12412747 12412815 12412817-12412819 
 12412841-12412843 12413911 12413935 12413937-12413939 12414039 12414063 
 12414065-12414067 12414135 12414153-12414155 12414479 12414481-12414483 
 12414505-12414507 12414991 12414993 12414995 12415013-12415015 12415017 
 12415019 12435767 12435773-12435775 12435781-12435783 12435785 12435787 
 12435855 12435857 12435859 12435877-12435879 12435883 12436061-12436063 
 12436083 12436157 12436159 12436165 12436167 12436171 12436193-12436195 
 12437532-12437533 12437535 12437600-12437601 12437603 12437612-12437613 
 12437615 12437712-12437713 12437715 12437724-12437725 12437727 
 12437920-12437921 12437923 12437932-12437933 12437935 12438288-12438289 
 12438291 12438300-12438301 12438303 12438368-12438369 12438371 
 12438380-12438381 12438383 12438480-12438481 12438483 12438492-12438493 
 12438495 12439200-12439201 12439203 12439212-12439213 12439215 
 12444688-12444689 12444691 12444700-12444701 12444703 12444768-12444769 
 12444771 12444780-12444781 12444783 12444880-12444881 12444883 
 12444892-12444893 12444895 12445088-12445089 12445091 12445100-12445101 
 12445103 12445456-12445457 12445459 12445468-12445469 12445471 
 12445536-12445537 12445539 12445548-12445549 12445551 12445648-12445649 
 12445651 12445660-12445661 12445663 12448416-12448417 12448419 
 12448428-12448429 12448431 12449808-12449809 12449811 12449820-12449821 
 12449823 12449888-12449889 12449891 12449900-12449901 12449903 
 12450000-12450001 12450003 12450012-12450013 12450015 12450208-12450209 
 12450211 12450220-12450221 12450223 12450576-12450577 12450579 
 12450588-12450589 12450591 12450656-12450657 12450659 12450668-12450669 
 12450671 12450768-12450769 12450771 12450780-12450781 12450783 
 12451488-12451489 12451491 12451500-12451501 12451503 12538896-12538897 
 12538899 12538908-12538909 12538911 12538976-12538977 12538979 
 12538988-12538989 12538991 12539088-12539089 12539091 12539100-12539101 
 12539103 12539296-12539297 12539299 12539308-12539309 12539311 
 12539664-12539665 12539667 12539676-12539677 12539679 12539744-12539745 
 12539747 12539756-12539757 12539759 12539856-12539857 12539859 
 12539868-12539869 12539871 ",2,Unknown,Polygon ICRS 34.900001820384 -17.900000933664 34.900001820384 17.966667603808002 325.033331509472 17.966667603808002 325.033331509472 -17.900000933664,0.0,ICRS,Unknown
,-65.8314611595263,2100.0,imageih.fit,WFPC2,,10/8492960-8492961 ,2,# CL0412IALL[1/1]	#Q10286593,Polygon ICRS 63.21421928990412 -65.83754507325766 63.24378871474388 -65.82243698531184 63.20736523939877 -65.81047828131987 63.17778817635301 -65.82557934361608,63.2133586900706,ICRS,Unknown
,17.3171000713491,2100.0,imagerf.fit,WFPC2,,10/63257 63260 63262 ,2,# CL0303RALL[1/1]	#Q10286595,Polygon ICRS 46.56596258420752 17.320783450182773 46.54575467858352 17.322419113921896 46.544063638246165 17.303365276196995 46.56426946368867 17.30172978146672,46.5608770363958,ICRS,Unknown
2010-04-26 00:00:00.000,-20.72215,0.0,N2.20100426.52760.fits,NIRC2,55312.0,10/11358571 ,2,# 022 P9870	#Q10286599,Polygon ICRS 245.48389184434606 -20.722859413643477 245.4838984800994 -20.72144679611889 245.4823881626973 -20.721440583091514 245.4823815128572 -20.72285320055815,245.48314,ICRS,Keck II
,12.183883,2.62,NGC_4486_MIPS_M1.fits,MIPS,,"8/444249 444255 447009 
9/1776925-1776927 1776949 1776970-1776971 1776974 1776992-1776993 1776995 
 1777005 1777008 1777010-1777011 1777014 1777016-1777017 1787944 
 1787946-1787947 1787950 1788032-1788033 1788048 1788050-1788051 
 1788054-1788057 1788060 1788062 
10/7107675 7107678 7107697-7107699 7107792-7107793 7107872 7107874-7107875 
 7107878 7107902-7107903 7107976-7107977 7108016-7108017 7108038-7108039 
 7108062-7108063 7108073 7108076-7108077 7108079 7108433 7108436-7108437 
 7108439 7151780 7151782-7151783 7151794 7151804 7151806-7151807 7151850 
 7152137 7152140-7152141 7152143 7152180-7152181 7152196 7152198-7152199 
 7152210-7152211 7152236-7152237 7152244-7152246 7152252 7152254 ",2,# VIRGO-1	#Q10286601,Polygon ICRS 187.4775884624535 11.471634153790959 188.2827868082841 13.355496832439563 188.01826401244992 13.46322457931595 187.21459936770003 11.578601330588475,187.62177,ICRS,Spitzer
,-69.26972,0.0,SN1987A_87_smHB.fits,Unknown,,"8/529515 
9/2118057-2118059 2118072 2118401 2118404 
10/8471551 8472227 8472292 8472294 8472296-8472298 8472916-8472917 
 8473600-8473601 8473620-8473622 ",2,# sn1987a	#Q10286602,Polygon ICRS 84.31549350683513 -69.45004577 84.30809044781293 -69.08939423000001 83.42524955218707 -69.08939423000001 83.41784649316487 -69.45004577,83.86667,FK5,APEX-12m
,-69.26972,0.0,SN1987A_cut_35_smHB.fits,Unknown,,"9/2118062 
10/8472237 8472239 ",2,# SNR1987A	#Q10286604,Polygon ICRS 83.98006016821321 -69.3097824614 83.9796419678246 -69.22965753860001 83.7536980321754 -69.22965753860001 83.75327983178678 -69.3097824614,83.86667,FK5,APEX-12m
,-69.2697222222222,0.0,SNaverage5-0.fits,saboca,,"9/2118062 
10/8472237 8472239 ",2,# SNR1987A	#Q10286605,Polygon ICRS 83.96157038877197 -69.30284722222217 83.96127907353443 -69.23618055555552 83.77322956920102 -69.23618055555552 83.7729418727863 -69.30284722222217,83.8666666666667,FK5,APEX
2003-01-01 00:00:00.000,0.0,0.0,u.fit,Unknown,52640.0,"9/1048576 1048579 1048588 1048591 1048624 1048627 1048636 1048639 1048768 
 1048771 1048780 1048783 1048816 1048819 1048828 1048831 1049344 1049347 
 1049356 1049359 1049392 1049395 1049404 1049407 1049536 1049539 1049548 
 1049551 1049584 1049587 1049596 1049599 1051648 1051651 1051660 1051663 
 1051696 1051699 1051708 1051711 1051840 1051843 1051852 1051855 1051888 
 1051891 1051900 1051903 1052416 1052419 1052428 1052431 1052464 1052467 
 1052476 1052479 1052608 1052611 1052620 1052623 1052656 1052659 1052668 
 1052671 1060864 1060867 1060876 1060879 1060912 1060915 1060924 1060927 
 1061056 1061059 1061068 1061071 1061104 1061107 1061116 1061119 1061632 
 1061635 1061644 1061647 1061680 1061683 1061692 1061695 1061824 1061827 
 1061836 1061839 1061872 1061875 1061884 1061887 1063936 1063939 1063948 
 1063951 1063984 1063987 1063996 1063999 1064128 1064131 1064140 1064143 
 1064176 1064179 1064188 1064191 1064704 1064707 1064716 1064719 1064752 
 1064755 1064764 1064767 1064896 1064899 1064908 1064911 1064944 1064947 
 1064956 1064959 1097728 1097731 1097740 1097743 1097776 1097779 1097788 
 1097791 1097920 1097923 1097932 1097935 1097968 1097971 1097980 1097983 
 1098496 1098499 1098508 1098511 1098544 1098547 1098556 1098559 1098688 
 1098691 1098700 1098703 1098736 1098739 1098748 1098751 1100800 1100803 
 1100812 1100815 1100848 1100851 1100860 1100863 1100992 1100995 1101004 
 1101007 1101040 1101043 1101052 1101055 1101568 1101571 1101580 1101583 
 1101616 1101619 1101628 1101631 1101760 1101763 1101772 1101775 1101808 
 1101811 1101820 1101823 1110016 1110019 1110028 1110031 1110064 1110067 
 1110076 1110079 1110208 1110211 1110220 1110223 1110256 1110259 1110268 
 1110271 1110784 1110787 1110796 1110799 1110832 1110835 1110844 1110847 
 1110976 1110979 1110988 1110991 1111024 1111027 1111036 1111039 1113088 
 1113091 1113100 1113103 1113136 1113139 1113148 1113151 1113280 1113283 
 1113292 1113295 1113328 1113331 1113340 1113343 1113856 1113859 1113868 
 1113871 1113904 1113907 1113916 1113919 1114048 1114051 1114060 1114063 
 1114096 1114099 1114108 1114111 1245184 1245187 1245196 1245199 1245232 
 1245235 1245244 1245247 1245376 1245379 1245388 1245391 1245424 1245427 
 1245436 1245439 1245952 1245955 1245964 1245967 1246000 1246003 1246012 
 1246015 1246144 1246147 1246156 1246159 1246192 1246195 1246204 1246207 
 1248256 1248259 1248268 1248271 1248304 1248307 1248316 1248319 1248448 
 1248451 1248460 1248463 1248496 1248499 1248508 1248511 1249024 1249027 
 1249036 1249039 1249072 1249075 1249084 1249087 1249216 1249219 1249228 
 1249231 1249264 1249267 1249276 1249279 1257472 1257475 1257484 1257487 
 1257520 1257523 1257532 1257535 1257664 1257667 1257676 1257679 1257712 
 1257715 1257724 1257727 1258240 1258243 1258252 1258255 1258288 1258291 
 1258300 1258303 1258432 1258435 1258444 1258447 1258480 1258483 1258492 
 1258495 1260544 1260547 1260556 1260559 1260592 1260595 1260604 1260607 
 1260736 1260739 1260748 1260751 1260784 1260787 1260796 1260799 1261312 
 1261315 1261324 1261327 1261360 1261363 1261372 1261375 1261504 1261507 
 1261516 1261519 1261552 1261555 1261564 1261567 1294336 1294339 1294348 
 1294351 1294384 1294387 1294396 1294399 1294528 1294531 1294540 1294543 
 1294576 1294579 1294588 1294591 1295104 1295107 1295116 1295119 1295152 
 1295155 1295164 1295167 1295296 1295299 1295308 1295311 1295344 1295347 
 1295356 1295359 1297408 1297411 1297420 1297423 1297456 1297459 1297468 
 1297471 1297600 1297603 1297612 1297615 1297648 1297651 1297660 1297663 
 1298176 1298179 1298188 1298191 1298224 1298227 1298236 1298239 1298368 
 1298371 1298380 1298383 1298416 1298419 1298428 1298431 1306624 1306627 
 1306636 1306639 1306672 1306675 1306684 1306687 1306816 1306819 1306828 
 1306831 1306864 1306867 1306876 1306879 1307392 1307395 1307404 1307407 
 1307440 1307443 1307452 1307455 1307584 1307587 1307596 1307599 1307632 
 1307635 1307644 1307647 1309696 1309699 1309708 1309711 1309744 1309747 
 1309756 1309759 1309888 1309891 1309900 1309903 1309936 1309939 1309948 
 1309951 1310464 1310467 1310476 1310479 1310512 1310515 1310524 1310527 
 1310656 1310659 1310668 1310671 1310704 1310707 1310716 1310719 
10/699050-699051 699054-699055 699066-699067 699070-699071 699114-699115 
 699118-699119 699130-699131 699134-699135 699306-699307 699310-699311 
 699322-699323 699326-699327 699370-699371 699374-699375 699386-699387 
 699390-699391 700074-700075 700078-700079 700090-700091 700094-700095 
 700138-700139 700142-700143 700154-700155 700158-700159 700330-700331 
 700334-700335 700346-700347 700350-700351 700394-700395 700398-700399 
 700410-700411 700414-700415 703146-703147 703150-703151 703162-703163 
 703166-703167 703210-703211 703214-703215 703226-703227 703230-703231 
 703402-703403 703406-703407 703418-703419 703422-703423 703466-703467 
 703470-703471 703482-703483 703486-703487 704170-704171 704174-704175 
 704186-704187 704190-704191 704234-704235 704238-704239 704250-704251 
 704254-704255 704426-704427 704430-704431 704442-704443 704446-704447 
 704490-704491 704494-704495 704506-704507 704510-704511 715434-715435 
 715438-715439 715450-715451 715454-715455 715498-715499 715502-715503 
 715514-715515 715518-715519 715690-715691 715694-715695 715706-715707 
 715710-715711 715754-715755 715758-715759 715770-715771 715774-715775 
 716458-716459 716462-716463 716474-716475 716478-716479 716522-716523 
 716526-716527 716538-716539 716542-716543 716714-716715 716718-716719 
 716730-716731 716734-716735 716778-716779 716782-716783 716794-716795 
 716798-716799 719530-719531 719534-719535 719546-719547 719550-719551 
 719594-719595 719598-719599 719610-719611 719614-719615 719786-719787 
 719790-719791 719802-719803 719806-719807 719850-719851 719854-719855 
 719866-719867 719870-719871 720554-720555 720558-720559 720570-720571 
 720574-720575 720618-720619 720622-720623 720634-720635 720638-720639 
 720810-720811 720814-720815 720826-720827 720830-720831 720874-720875 
 720878-720879 720890-720891 720894-720895 764586-764587 764590-764591 
 764602-764603 764606-764607 764650-764651 764654-764655 764666-764667 
 764670-764671 764842-764843 764846-764847 764858-764859 764862-764863 
 764906-764907 764910-764911 764922-764923 764926-764927 765610-765611 
 765614-765615 765626-765627 765630-765631 765674-765675 765678-765679 
 765690-765691 765694-765695 765866-765867 765870-765871 765882-765883 
 765886-765887 765930-765931 765934-765935 765946-765947 765950-765951 
 768682-768683 768686-768687 768698-768699 768702-768703 768746-768747 
 768750-768751 768762-768763 768766-768767 768938-768939 768942-768943 
 768954-768955 768958-768959 769002-769003 769006-769007 769018-769019 
 769022-769023 769706-769707 769710-769711 769722-769723 769726-769727 
 769770-769771 769774-769775 769786-769787 769790-769791 769962-769963 
 769966-769967 769978-769979 769982-769983 770026-770027 770030-770031 
 770042-770043 770046-770047 780970-780971 780974-780975 780986-780987 
 780990-780991 781034-781035 781038-781039 781050-781051 781054-781055 
 781226-781227 781230-781231 781242-781243 781246-781247 781290-781291 
 781294-781295 781306-781307 781310-781311 781994-781995 781998-781999 
 782010-782011 782014-782015 782058-782059 782062-782063 782074-782075 
 782078-782079 782250-782251 782254-782255 782266-782267 782270-782271 
 782314-782315 782318-782319 782330-782331 782334-782335 785066-785067 
 785070-785071 785082-785083 785086-785087 785130-785131 785134-785135 
 785146-785147 785150-785151 785322-785323 785326-785327 785338-785339 
 785342-785343 785386-785387 785390-785391 785402-785403 785406-785407 
 786090-786091 786094-786095 786106-786107 786110-786111 786154-786155 
 786158-786159 786170-786171 786174-786175 786346-786347 786350-786351 
 786362-786363 786366-786367 786410-786411 786414-786415 786426-786427 
 786430-786431 961194-961195 961198-961199 961210-961211 961214-961215 
 961258-961259 961262-961263 961274-961275 961278-961279 961450-961451 
 961454-961455 961466-961467 961470-961471 961514-961515 961518-961519 
 961530-961531 961534-961535 962218-962219 962222-962223 962234-962235 
 962238-962239 962282-962283 962286-962287 962298-962299 962302-962303 
 962474-962475 962478-962479 962490-962491 962494-962495 962538-962539 
 962542-962543 962554-962555 962558-962559 965290-965291 965294-965295 
 965306-965307 965310-965311 965354-965355 965358-965359 965370-965371 
 965374-965375 965546-965547 965550-965551 965562-965563 965566-965567 
 965610-965611 965614-965615 965626-965627 965630-965631 966314-966315 
 966318-966319 966330-966331 966334-966335 966378-966379 966382-966383 
 966394-966395 966398-966399 966570-966571 966574-966575 966586-966587 
 966590-966591 966634-966635 966638-966639 966650-966651 966654-966655 
 977578-977579 977582-977583 977594-977595 977598-977599 977642-977643 
 977646-977647 977658-977659 977662-977663 977834-977835 977838-977839 
 977850-977851 977854-977855 977898-977899 977902-977903 977914-977915 
 977918-977919 978602-978603 978606-978607 978618-978619 978622-978623 
 978666-978667 978670-978671 978682-978683 978686-978687 978858-978859 
 978862-978863 978874-978875 978878-978879 978922-978923 978926-978927 
 978938-978939 978942-978943 981674-981675 981678-981679 981690-981691 
 981694-981695 981738-981739 981742-981743 981754-981755 981758-981759 
 981930-981931 981934-981935 981946-981947 981950-981951 981994-981995 
 981998-981999 982010-982011 982014-982015 982698-982699 982702-982703 
 982714-982715 982718-982719 982762-982763 982766-982767 982778-982779 
 982782-982783 982954-982955 982958-982959 982970-982971 982974-982975 
 983018-983019 983022-983023 983034-983035 983038-983039 1026730-1026731 
 1026734-1026735 1026746-1026747 1026750-1026751 1026794-1026795 
 1026798-1026799 1026810-1026811 1026814-1026815 1026986-1026987 
 1026990-1026991 1027002-1027003 1027006-1027007 1027050-1027051 
 1027054-1027055 1027066-1027067 1027070-1027071 1027754-1027755 
 1027758-1027759 1027770-1027771 1027774-1027775 1027818-1027819 
 1027822-1027823 1027834-1027835 1027838-1027839 1028010-1028011 
 1028014-1028015 1028026-1028027 1028030-1028031 1028074-1028075 
 1028078-1028079 1028090-1028091 1028094-1028095 1030826-1030827 
 1030830-1030831 1030842-1030843 1030846-1030847 1030890-1030891 
 1030894-1030895 1030906-1030907 1030910-1030911 1031082-1031083 
 1031086-1031087 1031098-1031099 1031102-1031103 1031146-1031147 
 1031150-1031151 1031162-1031163 1031166-1031167 1031850-1031851 
 1031854-1031855 1031866-1031867 1031870-1031871 1031914-1031915 
 1031918-1031919 1031930-1031931 1031934-1031935 1032106-1032107 
 1032110-1032111 1032122-1032123 1032126-1032127 1032170-1032171 
 1032174-1032175 1032186-1032187 1032190-1032191 1043114-1043115 
 1043118-1043119 1043130-1043131 1043134-1043135 1043178-1043179 
 1043182-1043183 1043194-1043195 1043198-1043199 1043370-1043371 
 1043374-1043375 1043386-1043387 1043390-1043391 1043434-1043435 
 1043438-1043439 1043450-1043451 1043454-1043455 1044138-1044139 
 1044142-1044143 1044154-1044155 1044158-1044159 1044202-1044203 
 1044206-1044207 1044218-1044219 1044222-1044223 1044394-1044395 
 1044398-1044399 1044410-1044411 1044414-1044415 1044458-1044459 
 1044462-1044463 1044474-1044475 1044478-1044479 1047210-1047211 
 1047214-1047215 1047226-1047227 1047230-1047231 1047274-1047275 
 1047278-1047279 1047290-1047291 1047294-1047295 1047466-1047467 
 1047470-1047471 1047482-1047483 1047486-1047487 1047530-1047531 
 1047534-1047535 1047546-1047547 1047550-1047551 1048234-1048235 
 1048238-1048239 1048250-1048251 1048254-1048255 1048298-1048299 
 1048302-1048303 1048314-1048315 1048318-1048319 1048490-1048491 
 1048494-1048495 1048506-1048507 1048510-1048511 1048554-1048555 
 1048558-1048559 1048570-1048571 1048574-1048575 3495253 4194310 4194313 
 4194330 4194341 4194358 4194361 4194410 4194453 4194502 4194505 4194522 
 4194533 4194550 4194553 4194730 4194901 4195078 4195081 4195098 4195109 
 4195126 4195129 4195178 4195221 4195270 4195273 4195290 4195301 4195318 
 4195321 4196010 4196693 4197382 4197385 4197402 4197413 4197430 4197433 
 4197482 4197525 4197574 4197577 4197594 4197605 4197622 4197625 4197802 
 4197973 4198150 4198153 4198170 4198181 4198198 4198201 4198250 4198293 
 4198342 4198345 4198362 4198373 4198390 4198393 4201130 4203861 4206598 
 4206601 4206618 4206629 4206646 4206649 4206698 4206741 4206790 4206793 
 4206810 4206821 4206838 4206841 4207018 4207189 4207366 4207369 4207386 
 4207397 4207414 4207417 4207466 4207509 4207558 4207561 4207578 4207589 
 4207606 4207609 4208298 4208981 4209670 4209673 4209690 4209701 4209718 
 4209721 4209770 4209813 4209862 4209865 4209882 4209893 4209910 4209913 
 4210090 4210261 4210438 4210441 4210458 4210469 4210486 4210489 4210538 
 4210581 4210630 4210633 4210650 4210661 4210678 4210681 4221610 4232533 
 4243462 4243465 4243482 4243493 4243510 4243513 4243562 4243605 4243654 
 4243657 4243674 4243685 4243702 4243705 4243882 4244053 4244230 4244233 
 4244250 4244261 4244278 4244281 4244330 4244373 4244422 4244425 4244442 
 4244453 4244470 4244473 4245162 4245845 4246534 4246537 4246554 4246565 
 4246582 4246585 4246634 4246677 4246726 4246729 4246746 4246757 4246774 
 4246777 4246954 4247125 4247302 4247305 4247322 4247333 4247350 4247353 
 4247402 4247445 4247494 4247497 4247514 4247525 4247542 4247545 4250282 
 4253013 4255750 4255753 4255770 4255781 4255798 4255801 4255850 4255893 
 4255942 4255945 4255962 4255973 4255990 4255993 4256170 4256341 4256518 
 4256521 4256538 4256549 4256566 4256569 4256618 4256661 4256710 4256713 
 4256730 4256741 4256758 4256761 4257450 4258133 4258822 4258825 4258842 
 4258853 4258870 4258873 4258922 4258965 4259014 4259017 4259034 4259045 
 4259062 4259065 4259242 4259413 4259590 4259593 4259610 4259621 4259638 
 4259641 4259690 4259733 4259782 4259785 4259802 4259813 4259830 4259833 
 4303530 4347221 4390918 4390921 4390938 4390949 4390966 4390969 4391018 
 4391061 4391110 4391113 4391130 4391141 4391158 4391161 4391338 4391509 
 4391686 4391689 4391706 4391717 4391734 4391737 4391786 4391829 4391878 
 4391881 4391898 4391909 4391926 4391929 4392618 4393301 4393990 4393993 
 4394010 4394021 4394038 4394041 4394090 4394133 4394182 4394185 4394202 
 4394213 4394230 4394233 4394410 4394581 4394758 4394761 4394778 4394789 
 4394806 4394809 4394858 4394901 4394950 4394953 4394970 4394981 4394998 
 4395001 4397738 4400469 4403206 4403209 4403226 4403237 4403254 4403257 
 4403306 4403349 4403398 4403401 4403418 4403429 4403446 4403449 4403626 
 4403797 4403974 4403977 4403994 4404005 4404022 4404025 4404074 4404117 
 4404166 4404169 4404186 4404197 4404214 4404217 4404906 4405589 4406278 
 4406281 4406298 4406309 4406326 4406329 4406378 4406421 4406470 4406473 
 4406490 4406501 4406518 4406521 4406698 4406869 4407046 4407049 4407066 
 4407077 4407094 4407097 4407146 4407189 4407238 4407241 4407258 4407269 
 4407286 4407289 4418218 4429141 4440070 4440073 4440090 4440101 4440118 
 4440121 4440170 4440213 4440262 4440265 4440282 4440293 4440310 4440313 
 4440490 4440661 4440838 4440841 4440858 4440869 4440886 4440889 4440938 
 4440981 4441030 4441033 4441050 4441061 4441078 4441081 4441770 4442453 
 4443142 4443145 4443162 4443173 4443190 4443193 4443242 4443285 4443334 
 4443337 4443354 4443365 4443382 4443385 4443562 4443733 4443910 4443913 
 4443930 4443941 4443958 4443961 4444010 4444053 4444102 4444105 4444122 
 4444133 4444150 4444153 4446890 4449621 4452358 4452361 4452378 4452389 
 4452406 4452409 4452458 4452501 4452550 4452553 4452570 4452581 4452598 
 4452601 4452778 4452949 4453126 4453129 4453146 4453157 4453174 4453177 
 4453226 4453269 4453318 4453321 4453338 4453349 4453366 4453369 4454058 
 4454741 4455430 4455433 4455450 4455461 4455478 4455481 4455530 4455573 
 4455622 4455625 4455642 4455653 4455670 4455673 4455850 4456021 4456198 
 4456201 4456218 4456229 4456246 4456249 4456298 4456341 4456390 4456393 
 4456410 4456421 4456438 4456441 4631210 4805973 4980742 4980745 4980762 
 4980773 4980790 4980793 4980842 4980885 4980934 4980937 4980954 4980965 
 4980982 4980985 4981162 4981333 4981510 4981513 4981530 4981541 4981558 
 4981561 4981610 4981653 4981702 4981705 4981722 4981733 4981750 4981753 
 4982442 4983125 4983814 4983817 4983834 4983845 4983862 4983865 4983914 
 4983957 4984006 4984009 4984026 4984037 4984054 4984057 4984234 4984405 
 4984582 4984585 4984602 4984613 4984630 4984633 4984682 4984725 4984774 
 4984777 4984794 4984805 4984822 4984825 4987562 4990293 4993030 4993033 
 4993050 4993061 4993078 4993081 4993130 4993173 4993222 4993225 4993242 
 4993253 4993270 4993273 4993450 4993621 4993798 4993801 4993818 4993829 
 4993846 4993849 4993898 4993941 4993990 4993993 4994010 4994021 4994038 
 4994041 4994730 4995413 4996102 4996105 4996122 4996133 4996150 4996153 
 4996202 4996245 4996294 4996297 4996314 4996325 4996342 4996345 4996522 
 4996693 4996870 4996873 4996890 4996901 4996918 4996921 4996970 4997013 
 4997062 4997065 4997082 4997093 4997110 4997113 5008042 5018965 5029894 
 5029897 5029914 5029925 5029942 5029945 5029994 5030037 5030086 5030089 
 5030106 5030117 5030134 5030137 5030314 5030485 5030662 5030665 5030682 
 5030693 5030710 5030713 5030762 5030805 5030854 5030857 5030874 5030885 
 5030902 5030905 5031594 5032277 5032966 5032969 5032986 5032997 5033014 
 5033017 5033066 5033109 5033158 5033161 5033178 5033189 5033206 5033209 
 5033386 5033557 5033734 5033737 5033754 5033765 5033782 5033785 5033834 
 5033877 5033926 5033929 5033946 5033957 5033974 5033977 5036714 5039445 
 5042182 5042185 5042202 5042213 5042230 5042233 5042282 5042325 5042374 
 5042377 5042394 5042405 5042422 5042425 5042602 5042773 5042950 5042953 
 5042970 5042981 5042998 5043001 5043050 5043093 5043142 5043145 5043162 
 5043173 5043190 5043193 5043882 5044565 5045254 5045257 5045274 5045285 
 5045302 5045305 5045354 5045397 5045446 5045449 5045466 5045477 5045494 
 5045497 5045674 5045845 5046022 5046025 5046042 5046053 5046070 5046073 
 5046122 5046165 5046214 5046217 5046234 5046245 5046262 5046265 5089962 
 5133653 5177350 5177353 5177370 5177381 5177398 5177401 5177450 5177493 
 5177542 5177545 5177562 5177573 5177590 5177593 5177770 5177941 5178118 
 5178121 5178138 5178149 5178166 5178169 5178218 5178261 5178310 5178313 
 5178330 5178341 5178358 5178361 5179050 5179733 5180422 5180425 5180442 
 5180453 5180470 5180473 5180522 5180565 5180614 5180617 5180634 5180645 
 5180662 5180665 5180842 5181013 5181190 5181193 5181210 5181221 5181238 
 5181241 5181290 5181333 5181382 5181385 5181402 5181413 5181430 5181433 
 5184170 5186901 5189638 5189641 5189658 5189669 5189686 5189689 5189738 
 5189781 5189830 5189833 5189850 5189861 5189878 5189881 5190058 5190229 
 5190406 5190409 5190426 5190437 5190454 5190457 5190506 5190549 5190598 
 5190601 5190618 5190629 5190646 5190649 5191338 5192021 5192710 5192713 
 5192730 5192741 5192758 5192761 5192810 5192853 5192902 5192905 5192922 
 5192933 5192950 5192953 5193130 5193301 5193478 5193481 5193498 5193509 
 5193526 5193529 5193578 5193621 5193670 5193673 5193690 5193701 5193718 
 5193721 5204650 5215573 5226502 5226505 5226522 5226533 5226550 5226553 
 5226602 5226645 5226694 5226697 5226714 5226725 5226742 5226745 5226922 
 5227093 5227270 5227273 5227290 5227301 5227318 5227321 5227370 5227413 
 5227462 5227465 5227482 5227493 5227510 5227513 5228202 5228885 5229574 
 5229577 5229594 5229605 5229622 5229625 5229674 5229717 5229766 5229769 
 5229786 5229797 5229814 5229817 5229994 5230165 5230342 5230345 5230362 
 5230373 5230390 5230393 5230442 5230485 5230534 5230537 5230554 5230565 
 5230582 5230585 5233322 5236053 5238790 5238793 5238810 5238821 5238838 
 5238841 5238890 5238933 5238982 5238985 5239002 5239013 5239030 5239033 
 5239210 5239381 5239558 5239561 5239578 5239589 5239606 5239609 5239658 
 5239701 5239750 5239753 5239770 5239781 5239798 5239801 5240490 5241173 
 5241862 5241865 5241882 5241893 5241910 5241913 5241962 5242005 5242054 
 5242057 5242074 5242085 5242102 5242105 5242282 5242453 5242630 5242633 
 5242650 5242661 5242678 5242681 5242730 5242773 5242822 5242825 5242842 
 5242853 5242870 5242873 8388608 8388610 8388616 8388618 8388640 8388642 
 8388648 8388650 8388736 8388738 8388744 8388746 8388768 8388770 8388776 
 8388778 8389120 8389122 8389128 8389130 8389152 8389154 8389160 8389162 
 8389248 8389250 8389256 8389258 8389280 8389282 8389288 8389290 8390656 
 8390658 8390664 8390666 8390688 8390690 8390696 8390698 8390784 8390786 
 8390792 8390794 8390816 8390818 8390824 8390826 8391168 8391170 8391176 
 8391178 8391200 8391202 8391208 8391210 8391296 8391298 8391304 8391306 
 8391328 8391330 8391336 8391338 8396800 8396802 8396808 8396810 8396832 
 8396834 8396840 8396842 8396928 8396930 8396936 8396938 8396960 8396962 
 8396968 8396970 8397312 8397314 8397320 8397322 8397344 8397346 8397352 
 8397354 8397440 8397442 8397448 8397450 8397472 8397474 8397480 8397482 
 8398848 8398850 8398856 8398858 8398880 8398882 8398888 8398890 8398976 
 8398978 8398984 8398986 8399008 8399010 8399016 8399018 8399360 8399362 
 8399368 8399370 8399392 8399394 8399400 8399402 8399488 8399490 8399496 
 8399498 8399520 8399522 8399528 8399530 8421376 8421378 8421384 8421386 
 8421408 8421410 8421416 8421418 8421504 8421506 8421512 8421514 8421536 
 8421538 8421544 8421546 8421888 8421890 8421896 8421898 8421920 8421922 
 8421928 8421930 8422016 8422018 8422024 8422026 8422048 8422050 8422056 
 8422058 8423424 8423426 8423432 8423434 8423456 8423458 8423464 8423466 
 8423552 8423554 8423560 8423562 8423584 8423586 8423592 8423594 8423936 
 8423938 8423944 8423946 8423968 8423970 8423976 8423978 8424064 8424066 
 8424072 8424074 8424096 8424098 8424104 8424106 8429568 8429570 8429576 
 8429578 8429600 8429602 8429608 8429610 8429696 8429698 8429704 8429706 
 8429728 8429730 8429736 8429738 8430080 8430082 8430088 8430090 8430112 
 8430114 8430120 8430122 8430208 8430210 8430216 8430218 8430240 8430242 
 8430248 8430250 8431616 8431618 8431624 8431626 8431648 8431650 8431656 
 8431658 8431744 8431746 8431752 8431754 8431776 8431778 8431784 8431786 
 8432128 8432130 8432136 8432138 8432160 8432162 8432168 8432170 8432256 
 8432258 8432264 8432266 8432288 8432290 8432296 8432298 8519680 8519682 
 8519688 8519690 8519712 8519714 8519720 8519722 8519808 8519810 8519816 
 8519818 8519840 8519842 8519848 8519850 8520192 8520194 8520200 8520202 
 8520224 8520226 8520232 8520234 8520320 8520322 8520328 8520330 8520352 
 8520354 8520360 8520362 8521728 8521730 8521736 8521738 8521760 8521762 
 8521768 8521770 8521856 8521858 8521864 8521866 8521888 8521890 8521896 
 8521898 8522240 8522242 8522248 8522250 8522272 8522274 8522280 8522282 
 8522368 8522370 8522376 8522378 8522400 8522402 8522408 8522410 8527872 
 8527874 8527880 8527882 8527904 8527906 8527912 8527914 8528000 8528002 
 8528008 8528010 8528032 8528034 8528040 8528042 8528384 8528386 8528392 
 8528394 8528416 8528418 8528424 8528426 8528512 8528514 8528520 8528522 
 8528544 8528546 8528552 8528554 8529920 8529922 8529928 8529930 8529952 
 8529954 8529960 8529962 8530048 8530050 8530056 8530058 8530080 8530082 
 8530088 8530090 8530432 8530434 8530440 8530442 8530464 8530466 8530472 
 8530474 8530560 8530562 8530568 8530570 8530592 8530594 8530600 8530602 
 8552448 8552450 8552456 8552458 8552480 8552482 8552488 8552490 8552576 
 8552578 8552584 8552586 8552608 8552610 8552616 8552618 8552960 8552962 
 8552968 8552970 8552992 8552994 8553000 8553002 8553088 8553090 8553096 
 8553098 8553120 8553122 8553128 8553130 8554496 8554498 8554504 8554506 
 8554528 8554530 8554536 8554538 8554624 8554626 8554632 8554634 8554656 
 8554658 8554664 8554666 8555008 8555010 8555016 8555018 8555040 8555042 
 8555048 8555050 8555136 8555138 8555144 8555146 8555168 8555170 8555176 
 8555178 8560640 8560642 8560648 8560650 8560672 8560674 8560680 8560682 
 8560768 8560770 8560776 8560778 8560800 8560802 8560808 8560810 8561152 
 8561154 8561160 8561162 8561184 8561186 8561192 8561194 8561280 8561282 
 8561288 8561290 8561312 8561314 8561320 8561322 8562688 8562690 8562696 
 8562698 8562720 8562722 8562728 8562730 8562816 8562818 8562824 8562826 
 8562848 8562850 8562856 8562858 8563200 8563202 8563208 8563210 8563232 
 8563234 8563240 8563242 8563328 8563330 8563336 8563338 8563360 8563362 
 8563368 8563370 8912896 8912898 8912904 8912906 8912928 8912930 8912936 
 8912938 8913024 8913026 8913032 8913034 8913056 8913058 8913064 8913066 
 8913408 8913410 8913416 8913418 8913440 8913442 8913448 8913450 8913536 
 8913538 8913544 8913546 8913568 8913570 8913576 8913578 8914944 8914946 
 8914952 8914954 8914976 8914978 8914984 8914986 8915072 8915074 8915080 
 8915082 8915104 8915106 8915112 8915114 8915456 8915458 8915464 8915466 
 8915488 8915490 8915496 8915498 8915584 8915586 8915592 8915594 8915616 
 8915618 8915624 8915626 8921088 8921090 8921096 8921098 8921120 8921122 
 8921128 8921130 8921216 8921218 8921224 8921226 8921248 8921250 8921256 
 8921258 8921600 8921602 8921608 8921610 8921632 8921634 8921640 8921642 
 8921728 8921730 8921736 8921738 8921760 8921762 8921768 8921770 8923136 
 8923138 8923144 8923146 8923168 8923170 8923176 8923178 8923264 8923266 
 8923272 8923274 8923296 8923298 8923304 8923306 8923648 8923650 8923656 
 8923658 8923680 8923682 8923688 8923690 8923776 8923778 8923784 8923786 
 8923808 8923810 8923816 8923818 8945664 8945666 8945672 8945674 8945696 
 8945698 8945704 8945706 8945792 8945794 8945800 8945802 8945824 8945826 
 8945832 8945834 8946176 8946178 8946184 8946186 8946208 8946210 8946216 
 8946218 8946304 8946306 8946312 8946314 8946336 8946338 8946344 8946346 
 8947712 8947714 8947720 8947722 8947744 8947746 8947752 8947754 8947840 
 8947842 8947848 8947850 8947872 8947874 8947880 8947882 8948224 8948226 
 8948232 8948234 8948256 8948258 8948264 8948266 8948352 8948354 8948360 
 8948362 8948384 8948386 8948392 8948394 8953856 8953858 8953864 8953866 
 8953888 8953890 8953896 8953898 8953984 8953986 8953992 8953994 8954016 
 8954018 8954024 8954026 8954368 8954370 8954376 8954378 8954400 8954402 
 8954408 8954410 8954496 8954498 8954504 8954506 8954528 8954530 8954536 
 8954538 8955904 8955906 8955912 8955914 8955936 8955938 8955944 8955946 
 8956032 8956034 8956040 8956042 8956064 8956066 8956072 8956074 8956416 
 8956418 8956424 8956426 8956448 8956450 8956456 8956458 8956544 8956546 
 8956552 8956554 8956576 8956578 8956584 8956586 9043968 9043970 9043976 
 9043978 9044000 9044002 9044008 9044010 9044096 9044098 9044104 9044106 
 9044128 9044130 9044136 9044138 9044480 9044482 9044488 9044490 9044512 
 9044514 9044520 9044522 9044608 9044610 9044616 9044618 9044640 9044642 
 9044648 9044650 9046016 9046018 9046024 9046026 9046048 9046050 9046056 
 9046058 9046144 9046146 9046152 9046154 9046176 9046178 9046184 9046186 
 9046528 9046530 9046536 9046538 9046560 9046562 9046568 9046570 9046656 
 9046658 9046664 9046666 9046688 9046690 9046696 9046698 9052160 9052162 
 9052168 9052170 9052192 9052194 9052200 9052202 9052288 9052290 9052296 
 9052298 9052320 9052322 9052328 9052330 9052672 9052674 9052680 9052682 
 9052704 9052706 9052712 9052714 9052800 9052802 9052808 9052810 9052832 
 9052834 9052840 9052842 9054208 9054210 9054216 9054218 9054240 9054242 
 9054248 9054250 9054336 9054338 9054344 9054346 9054368 9054370 9054376 
 9054378 9054720 9054722 9054728 9054730 9054752 9054754 9054760 9054762 
 9054848 9054850 9054856 9054858 9054880 9054882 9054888 9054890 9076736 
 9076738 9076744 9076746 9076768 9076770 9076776 9076778 9076864 9076866 
 9076872 9076874 9076896 9076898 9076904 9076906 9077248 9077250 9077256 
 9077258 9077280 9077282 9077288 9077290 9077376 9077378 9077384 9077386 
 9077408 9077410 9077416 9077418 9078784 9078786 9078792 9078794 9078816 
 9078818 9078824 9078826 9078912 9078914 9078920 9078922 9078944 9078946 
 9078952 9078954 9079296 9079298 9079304 9079306 9079328 9079330 9079336 
 9079338 9079424 9079426 9079432 9079434 9079456 9079458 9079464 9079466 
 9084928 9084930 9084936 9084938 9084960 9084962 9084968 9084970 9085056 
 9085058 9085064 9085066 9085088 9085090 9085096 9085098 9085440 9085442 
 9085448 9085450 9085472 9085474 9085480 9085482 9085568 9085570 9085576 
 9085578 9085600 9085602 9085608 9085610 9086976 9086978 9086984 9086986 
 9087008 9087010 9087016 9087018 9087104 9087106 9087112 9087114 9087136 
 9087138 9087144 9087146 9087488 9087490 9087496 9087498 9087520 9087522 
 9087528 9087530 9087616 9087618 9087624 9087626 9087648 9087650 9087656 
 9087658 11883861 ",2,Unknown,Polygon ICRS 0.0 -30.0 0.0 90.0 0.0 90.0 0.0 -30.0,180.0,ICRS,DRAO-26m
,24.6136493,0.0,UGC_09618_2MASS_H.fits,Unknown,,"9/575820 575822-575823 575845 575856 575858-575859 
10/2303269-2303271 2303276-2303277 2303279 2303286 2303338 2303376-2303377 
 2303379 2303388-2303389 2303391 2303430 2303456-2303457 2303459-2303460 ",2,Unknown,Polygon ICRS 224.30817433707395 24.322935319910155 224.30855641244264 24.904318636235168 224.14379298755736 24.904318636235168 224.14417506292605 24.322935319910155,224.2261747,ICRS,Unknown
,24.6136493,0.0,UGC_09618_S_2MASS_H.fits,Unknown,,"9/575820 575822-575823 575845 575856 575858-575859 
10/2303269-2303271 2303276-2303277 2303279 2303286 2303338 2303376-2303377 
 2303379 2303388-2303389 2303391 2303430 2303456-2303457 2303459-2303460 ",2,Unknown,Polygon ICRS 224.30817433707395 24.322935319910155 224.30855641244264 24.904318636235168 224.14379298755736 24.904318636235168 224.14417506292605 24.322935319910155,224.2261747,ICRS,Unknown
